train_loss,val_loss,val_dice,val_iou,val_acc,val_sens,val_spec,Epoch
0.789971669514974,0.7844493985176086,0.20229187607765198,0.11293645203113556,0.11293983459472656,1.0,4.3028517211496364e-06,0
0.75642063220342,0.780540943145752,0.20230060815811157,0.11294201016426086,0.11298370361328125,1.0,5.456162034533918e-05,1
0.7190756599108378,0.7707746624946594,0.20226937532424927,0.11292247474193573,0.11347198486328125,0.9992529153823853,0.0007125996053218842,2
0.6725304921468099,0.7643159627914429,0.1816006302833557,0.10022570192813873,0.1984996795654297,0.789130687713623,0.12321484088897705,3
0.6224367817242941,0.7578043341636658,0.15374276041984558,0.08369249850511551,0.40352630615234375,0.4768986999988556,0.39313170313835144,4
0.595710277557373,0.7427218556404114,0.2836800813674927,0.1656370759010315,0.7904434204101562,0.3703863024711609,0.8423454165458679,5
0.5790771643320719,0.7175247073173523,0.2759143114089966,0.1611480712890625,0.8840065002441406,0.1990339457988739,0.9699287414550781,6
0.5542542735735575,0.6618787050247192,0.5805743932723999,0.40908801555633545,0.9020023345947266,0.603712797164917,0.9395575523376465,7
0.5344290932019552,0.6218233108520508,0.6061829328536987,0.43685781955718994,0.8981895446777344,0.710921049118042,0.920853316783905,8
0.5179549256960551,0.5741267800331116,0.6820105910301208,0.5191739201545715,0.9130058288574219,0.8477698564529419,0.9209700226783752,9
0.5013235410054525,0.540513277053833,0.7244294881820679,0.5694211721420288,0.9270057678222656,0.8728038668632507,0.9338365197181702,10
0.4902174274126689,0.5055651664733887,0.7633580565452576,0.6194473505020142,0.9414100646972656,0.8642404079437256,0.9517001509666443,11
0.48168984055519104,0.5138669610023499,0.7256690263748169,0.5716006755828857,0.9216232299804688,0.9459095001220703,0.918516993522644,12
0.478190799554189,0.46978437900543213,0.7981435656547546,0.6654092669487,0.9493312835693359,0.9149456024169922,0.954068660736084,13
0.4657578070958455,0.4651723802089691,0.7925145626068115,0.6569843292236328,0.9487800598144531,0.8878211975097656,0.9572715759277344,14
0.45971863468488056,0.45138218998908997,0.8152861595153809,0.6893429756164551,0.9542064666748047,0.9235026836395264,0.9585024118423462,15
0.453936368227005,0.4507586658000946,0.8027660250663757,0.6721866726875305,0.9497451782226562,0.9368883371353149,0.9517426490783691,16
0.4464417099952698,0.4423593282699585,0.8308477997779846,0.7107682228088379,0.9609928131103516,0.8624190092086792,0.9742634296417236,17
0.44269923369089764,0.43342071771621704,0.8351104259490967,0.7177044749259949,0.9604854583740234,0.912594199180603,0.9668079614639282,18
0.4381883641084035,0.43760091066360474,0.8206605911254883,0.6970071196556091,0.9563522338867188,0.9128825068473816,0.9622586965560913,19
0.43193405866622925,0.43140536546707153,0.8523857593536377,0.7428646087646484,0.966400146484375,0.8726329207420349,0.9787837266921997,20
0.42873529593149823,0.4374704360961914,0.8188652992248535,0.6940025091171265,0.9549598693847656,0.9258421659469604,0.9589078426361084,21
0.4261432985464732,0.4268394708633423,0.8464645147323608,0.7339484691619873,0.9651432037353516,0.8652717471122742,0.9783368110656738,22
0.4215002159277598,0.4322645962238312,0.8283214569091797,0.7074531316757202,0.9581737518310547,0.9154958128929138,0.9640339016914368,23
0.41895310084025067,0.42374640703201294,0.8612522482872009,0.7563735246658325,0.9688091278076172,0.8677846193313599,0.9820351600646973,24
0.41662949323654175,0.4351827800273895,0.8245136737823486,0.7018585205078125,0.957275390625,0.9096055030822754,0.9638983607292175,25
0.4122568567593892,0.4248208999633789,0.8558303713798523,0.7479977607727051,0.9676742553710938,0.8570119142532349,0.9824792146682739,26
0.4098014831542969,0.4264030456542969,0.831564724445343,0.7121468782424927,0.9599227905273438,0.8974114060401917,0.9684699773788452,27
0.4073787033557892,0.423866868019104,0.8431890606880188,0.7289608120918274,0.9640083312988281,0.8693242073059082,0.9767974019050598,28
0.4051972031593323,0.42063072323799133,0.8459208011627197,0.7334728240966797,0.9639186859130859,0.89970862865448,0.9724216461181641,29
0.4020977318286896,0.4226113557815552,0.8487284183502197,0.7372648119926453,0.9652919769287109,0.873358964920044,0.9775787591934204,30
0.4010234574476878,0.4268699586391449,0.8404541015625,0.724895715713501,0.9634342193603516,0.8655576109886169,0.9765914678573608,31
0.39836249748865765,0.427383154630661,0.8362767696380615,0.7186447381973267,0.9616298675537109,0.8772350549697876,0.9730737209320068,32
0.39573633670806885,0.42266714572906494,0.8460013270378113,0.7331466674804688,0.9650096893310547,0.8621731996536255,0.9788606762886047,33
0.3954266806443532,0.42776477336883545,0.8280192613601685,0.7066604495048523,0.9593009948730469,0.8825690746307373,0.9697926640510559,34
0.3921755353609721,0.4203208386898041,0.8459086418151855,0.7330502867698669,0.9649295806884766,0.8651275634765625,0.9782751798629761,35
0.38942621151606244,0.426271915435791,0.8295350074768066,0.7090182304382324,0.9601535797119141,0.8765770196914673,0.9714116454124451,36
0.3879329363505046,0.41927117109298706,0.845317006111145,0.7321449518203735,0.9657306671142578,0.8406586647033691,0.9822767972946167,37
0.3860234121481578,0.42056503891944885,0.836945652961731,0.7200626134872437,0.9618110656738281,0.8894113898277283,0.9716360569000244,38
0.38295453786849976,0.4145956337451935,0.8524101972579956,0.7429274320602417,0.9660720825195312,0.8826889395713806,0.9772297143936157,39
0.38114093740781146,0.41700905561447144,0.8438093066215515,0.7300539016723633,0.9641914367675781,0.8740922212600708,0.9763341546058655,40
0.37888088822364807,0.4138016700744629,0.8513563871383667,0.7412452101707458,0.9662647247314453,0.8674191236495972,0.9795284867286682,41
0.37786489725112915,0.4151652753353119,0.8527820706367493,0.7434053421020508,0.9669895172119141,0.857944130897522,0.9814841747283936,42
0.37608514229456586,0.4168911278247833,0.8426359295845032,0.7281940579414368,0.9645900726318359,0.8535994291305542,0.9793630838394165,43
0.3760038415590922,0.4106791913509369,0.8535986542701721,0.7446467280387878,0.9670372009277344,0.8622840642929077,0.9809800386428833,44
0.3736165165901184,0.41397252678871155,0.8441576957702637,0.7305214405059814,0.9640903472900391,0.8772444725036621,0.9757530689239502,45
0.37175851066907245,0.41195055842399597,0.8453920483589172,0.7322003841400146,0.9663944244384766,0.8211137056350708,0.9855489730834961,46
0.36976560950279236,0.40911129117012024,0.8462907671928406,0.7338958978652954,0.9639434814453125,0.899188756942749,0.972581148147583,47
0.36927826205889386,0.40418049693107605,0.8572026491165161,0.7501633763313293,0.9679641723632812,0.8633908033370972,0.9818139672279358,48
0.36733349164326984,0.4102519154548645,0.8412777185440063,0.7262413501739502,0.963531494140625,0.8719531297683716,0.9757287502288818,49
0.3660074671109517,0.40548714995384216,0.850453794002533,0.7399469017982483,0.9659938812255859,0.8705055713653564,0.9786850810050964,50
0.36462195714314777,0.40547582507133484,0.8475792407989502,0.735842227935791,0.964935302734375,0.8835954666137695,0.9757511615753174,51
0.3628947039445241,0.40540072321891785,0.844491720199585,0.7311778664588928,0.9645843505859375,0.8707360029220581,0.9769884347915649,52
0.36165735125541687,0.4015727937221527,0.853894829750061,0.7451069355010986,0.9671173095703125,0.8632400035858154,0.9810516834259033,53
0.35812681913375854,0.4050261378288269,0.8468920588493347,0.734584629535675,0.9650897979736328,0.8695046901702881,0.9778027534484863,54
0.357904056708018,0.3999418020248413,0.8558538556098938,0.748225212097168,0.9671955108642578,0.8790950179100037,0.9789031744003296,55
0.3559868335723877,0.40098950266838074,0.8525141477584839,0.7430172562599182,0.96673583984375,0.8642933368682861,0.9805225133895874,56
0.3544580936431885,0.40417298674583435,0.8443067073822021,0.7307344675064087,0.9639091491699219,0.8822294473648071,0.9748729467391968,57
0.35251999894777936,0.3988801836967468,0.8540631532669067,0.7454413771629333,0.9666233062744141,0.8798651695251465,0.9781839847564697,58
0.35224565863609314,0.39703428745269775,0.8518025279045105,0.7421327233314514,0.9659900665283203,0.8839515447616577,0.9768695831298828,59
0.3498140772183736,0.39572861790657043,0.8532771468162537,0.7442271113395691,0.9666919708251953,0.8718793392181396,0.9792865514755249,60
0.3485335310300191,0.39420926570892334,0.8545436859130859,0.7462426424026489,0.9668331146240234,0.8796015977859497,0.9783439636230469,61
0.347364862759908,0.39534974098205566,0.8522180318832397,0.7426530718803406,0.9660453796386719,0.882494330406189,0.9771897196769714,62
0.3455932339032491,0.393682599067688,0.8517637252807617,0.7419573664665222,0.9664306640625,0.8688688278198242,0.9792948961257935,63
0.3448071777820587,0.39433377981185913,0.8561627864837646,0.7488684058189392,0.9669761657714844,0.8911328315734863,0.9768977761268616,64
0.34242339928944904,0.3923918604850769,0.8567256331443787,0.7495574355125427,0.9673862457275391,0.8799886703491211,0.9789313077926636,65
0.34135793646176654,0.3925856947898865,0.8532822132110596,0.7442701458930969,0.9669265747070312,0.8669434785842896,0.9801592826843262,66
0.34075231353441876,0.3901747167110443,0.8544312715530396,0.746013343334198,0.9668292999267578,0.87730473279953,0.9787082076072693,67
0.3377698560555776,0.38620588183403015,0.8582280874252319,0.7518054246902466,0.9677295684814453,0.8798121213912964,0.9793661236763,68
0.3375656306743622,0.3917837142944336,0.8471895456314087,0.7350472211837769,0.965545654296875,0.8605839014053345,0.9794405698776245,69
0.33587580919265747,0.3879907727241516,0.8519291877746582,0.7422223091125488,0.9659233093261719,0.8838464021682739,0.976870596408844,70
0.33372817436854046,0.38549572229385376,0.8542541265487671,0.7458359003067017,0.9668292999267578,0.8786396980285645,0.9784698486328125,71
0.3324659566084544,0.38670045137405396,0.8512370586395264,0.7413111925125122,0.9661750793457031,0.8759475350379944,0.9780592322349548,72
0.3318716486295064,0.38468441367149353,0.852175772190094,0.7424734830856323,0.9664592742919922,0.8666676878929138,0.9797366857528687,73
0.33125897248586017,0.3859291672706604,0.8488089442253113,0.7375408411026001,0.9653530120849609,0.8777558207511902,0.9769543409347534,74
0.33041610320409137,0.3789314031600952,0.8573242425918579,0.7504327297210693,0.9682254791259766,0.8604020476341248,0.9824255704879761,75
0.3283546566963196,0.3857436776161194,0.848598837852478,0.7373469471931458,0.9648761749267578,0.8912829756736755,0.9746102094650269,76
0.32704593737920123,0.38187018036842346,0.8492617011070251,0.7381594181060791,0.9658699035644531,0.8664664030075073,0.9791735410690308,77
0.3263731896877289,0.38298776745796204,0.8472228050231934,0.7351839542388916,0.9647331237792969,0.8835887312889099,0.9755855202674866,78
0.3254912197589874,0.3770979046821594,0.8574386835098267,0.7505959868431091,0.9683341979980469,0.8577693700790405,0.9828652143478394,79
0.32333484292030334,0.3825744688510895,0.8463348746299744,0.7337655425071716,0.9649448394775391,0.8699440956115723,0.9775773286819458,80
0.3253125846385956,0.37504124641418457,0.8599966764450073,0.7545198202133179,0.9691581726074219,0.8528561592102051,0.9843199253082275,81
0.3214052716890971,0.3763125538825989,0.8508455753326416,0.740558385848999,0.9660301208496094,0.8728150129318237,0.9784020185470581,82
0.3199640214443207,0.37490588426589966,0.8497081398963928,0.7387417554855347,0.9666290283203125,0.8467363715171814,0.9826177358627319,83
0.31818199157714844,0.37540096044540405,0.8514243364334106,0.7415820360183716,0.9661426544189453,0.877689003944397,0.9777624607086182,84
0.3188949426015218,0.36886370182037354,0.8578097820281982,0.7511194944381714,0.9685764312744141,0.8520848751068115,0.9838829040527344,85
0.3163992166519165,0.3753809630870819,0.8470929861068726,0.7350249290466309,0.9652290344238281,0.8713327646255493,0.9777677059173584,86
0.31519217292467755,0.3700481653213501,0.853363037109375,0.7445530891418457,0.9672222137451172,0.8639073371887207,0.980836808681488,87
0.3129325012365977,0.37665486335754395,0.8494060039520264,0.7384968400001526,0.9652271270751953,0.886533260345459,0.9756794571876526,88
0.312237689892451,0.37011709809303284,0.8553837537765503,0.7474595308303833,0.9679069519042969,0.8551287055015564,0.9827403426170349,89
0.31045560042063397,0.3699982464313507,0.8531246185302734,0.7442184686660767,0.96661376953125,0.8788270950317383,0.978225827217102,90
0.30952364206314087,0.3670976459980011,0.8534566164016724,0.7445485591888428,0.9674892425537109,0.8537425994873047,0.9824585914611816,91
0.308489332596461,0.3674865663051605,0.8569636940956116,0.7500241994857788,0.9675006866455078,0.8813621401786804,0.9788433313369751,92
0.30895652373631793,0.3649311661720276,0.8518843650817871,0.7420456409454346,0.9674644470214844,0.8392286896705627,0.9842941761016846,93
0.30692758162816364,0.37063068151474,0.848420262336731,0.7369129657745361,0.9650497436523438,0.881503701210022,0.9761420488357544,94
0.30517815550168353,0.3663429617881775,0.8496008515357971,0.7385289669036865,0.9670734405517578,0.8287820816040039,0.985560417175293,95
0.3035896122455597,0.3667081594467163,0.8505759239196777,0.7400864362716675,0.9660053253173828,0.8696445822715759,0.9789078235626221,96
0.3016475836435954,0.36470866203308105,0.8539282083511353,0.7451544404029846,0.9673976898193359,0.8552616834640503,0.982241690158844,97
0.3024353086948395,0.359693706035614,0.8559755682945251,0.7483633756637573,0.9678306579589844,0.8613626956939697,0.9818743467330933,98
0.30059683322906494,0.35944271087646484,0.8552091121673584,0.7471400499343872,0.9677143096923828,0.8575316667556763,0.9823494553565979,99
0.29839181900024414,0.36323168873786926,0.851900041103363,0.7420735359191895,0.9669265747070312,0.8540425300598145,0.9819276332855225,100
0.2976902325948079,0.35758867859840393,0.8594242334365845,0.7536635398864746,0.9687671661376953,0.8606348037719727,0.9829398393630981,101
0.29709147413571674,0.3585900068283081,0.8561360239982605,0.7486766576766968,0.9676227569580078,0.8699734210968018,0.980459451675415,102
0.29523739218711853,0.3582543134689331,0.8525656461715698,0.7431269884109497,0.9671249389648438,0.8550480604171753,0.9819483757019043,103
0.2931089699268341,0.3576693832874298,0.8543972969055176,0.7459578514099121,0.9673423767089844,0.8635293245315552,0.9810863733291626,104
0.2929067611694336,0.35863423347473145,0.8537904024124146,0.7450063228607178,0.9673824310302734,0.8572157025337219,0.9819202423095703,105
0.29140286644299823,0.3546885848045349,0.8569672107696533,0.7498887777328491,0.9680690765380859,0.8619658946990967,0.9819854497909546,106
0.2904195586840312,0.3562830090522766,0.8531910181045532,0.7441385984420776,0.9668121337890625,0.8694337606430054,0.9796838164329529,107
0.28860731919606525,0.35569894313812256,0.8515925407409668,0.7416741847991943,0.9668979644775391,0.8552175760269165,0.9816741943359375,108
0.2879936198393504,0.35200628638267517,0.8556216955184937,0.747829020023346,0.9676036834716797,0.865134596824646,0.9811322689056396,109
0.286146601041158,0.3544960618019104,0.853783130645752,0.7450864911079407,0.9669685363769531,0.8706636428833008,0.979625403881073,110
0.2853289246559143,0.3508162200450897,0.8538823127746582,0.7451879978179932,0.9674415588378906,0.8575082421302795,0.9818805456161499,111
0.28407694896062213,0.3498629927635193,0.8542988300323486,0.7457960844039917,0.9677143096923828,0.8525691628456116,0.9828914999961853,112
0.28436394532521564,0.35374486446380615,0.8514474630355835,0.741480827331543,0.9667930603027344,0.8576428890228271,0.9811930656433105,113
0.28166502714157104,0.35520994663238525,0.8472964763641357,0.7352302074432373,0.9653987884521484,0.8653706312179565,0.9785852432250977,114
0.281204213698705,0.347831130027771,0.8567073345184326,0.7495642900466919,0.9679069519042969,0.8669178485870361,0.9812126159667969,115
0.2802569468816121,0.35057103633880615,0.8500326871871948,0.7394100427627563,0.9663562774658203,0.8611031770706177,0.9801887273788452,116
0.27967195709546405,0.3464142382144928,0.8545336723327637,0.7462337017059326,0.9674968719482422,0.86185622215271,0.9812740087509155,117
0.27794264753659564,0.34981346130371094,0.8509978652000427,0.7409435510635376,0.9662666320800781,0.8715736865997314,0.9786357879638672,118
0.27776283025741577,0.34493982791900635,0.8548851013183594,0.7467138171195984,0.9677009582519531,0.8575111627578735,0.982166051864624,119
0.2761172155539195,0.3481467068195343,0.8492724895477295,0.7381589412689209,0.9659576416015625,0.8630979061126709,0.9795418977737427,120
0.275262971719106,0.34991246461868286,0.8480256795883179,0.7362568378448486,0.9660205841064453,0.8521550893783569,0.9809670448303223,121
0.27390695611635846,0.34423136711120605,0.8560402989387512,0.7486374974250793,0.9676361083984375,0.871431291103363,0.9801605939865112,122
0.27276794115702313,0.34959733486175537,0.8458147048950195,0.7330219745635986,0.9651889801025391,0.8609873056411743,0.9788334369659424,123
0.2726430694262187,0.34561195969581604,0.8512576818466187,0.7411050796508789,0.9668827056884766,0.8507800102233887,0.9822241067886353,124
0.2715836962064107,0.3446958065032959,0.8498711585998535,0.7391568422317505,0.9659385681152344,0.8704869747161865,0.9785380959510803,125
0.26977087060610455,0.34211063385009766,0.8533488512039185,0.7443548440933228,0.9672069549560547,0.8589490652084351,0.9813533425331116,126
0.26865025361378986,0.3451569378376007,0.850315272808075,0.7398325204849243,0.9658908843994141,0.8747203946113586,0.9778921604156494,127
0.26773762702941895,0.341501921415329,0.8516754508018494,0.741793692111969,0.9671306610107422,0.8492265939712524,0.9826224446296692,128
0.2665392855803172,0.3426900804042816,0.8507782220840454,0.7406359910964966,0.9662532806396484,0.8710338473320007,0.97870934009552,129
0.2656453152497609,0.33939507603645325,0.8529481887817383,0.7438275814056396,0.9670639038085938,0.8626288771629333,0.980754017829895,130
0.2640383541584015,0.3382289409637451,0.8502273559570312,0.7397222518920898,0.9661922454833984,0.8667056560516357,0.9791532754898071,131
0.26244938373565674,0.3358730375766754,0.8536688685417175,0.7450767159461975,0.9672126770019531,0.8670432567596436,0.9801669120788574,132
0.2618767519791921,0.33908385038375854,0.8500381708145142,0.7394163608551025,0.9666328430175781,0.8539074659347534,0.9813863039016724,133
0.2607565720876058,0.3378713130950928,0.8477534651756287,0.7359247803688049,0.9659252166748047,0.8553517460823059,0.9804307222366333,134
0.260014146566391,0.334130197763443,0.8522064685821533,0.7426249980926514,0.9674625396728516,0.8446932435035706,0.9834601283073425,135
0.25920094052950543,0.3359689712524414,0.8495063781738281,0.7385785579681396,0.9666824340820312,0.8480313420295715,0.982169508934021,136
0.2587319612503052,0.33380764722824097,0.8521633148193359,0.7426133155822754,0.9667339324951172,0.8652735948562622,0.9800770282745361,137
0.25990788141886395,0.3301803469657898,0.8542671203613281,0.7457271814346313,0.9680061340332031,0.8436686396598816,0.9842996597290039,138
0.2584559917449951,0.34176748991012573,0.840120255947113,0.7246608734130859,0.9640522003173828,0.8548668622970581,0.9783376455307007,139
0.25907211502393085,0.33199530839920044,0.8503321409225464,0.7397809028625488,0.9669342041015625,0.8459267616271973,0.9827944040298462,140
0.2559482256571452,0.33253031969070435,0.8478831648826599,0.7360024452209473,0.9663906097412109,0.8406132459640503,0.9829519391059875,141
0.25545623898506165,0.33626240491867065,0.8448476195335388,0.7318063974380493,0.9647235870361328,0.8711713552474976,0.9768831729888916,142
0.2543470859527588,0.3308414816856384,0.8477280139923096,0.7358112335205078,0.9663372039794922,0.8424924612045288,0.9825849533081055,143
0.2519424060980479,0.3258516192436218,0.8529689311981201,0.7439104914665222,0.9676036834716797,0.8497081995010376,0.9829140901565552,144
0.250538835922877,0.328508198261261,0.8507928848266602,0.740717887878418,0.9666404724121094,0.8622108697891235,0.980161190032959,145
0.24945051471392313,0.32772567868232727,0.8504999876022339,0.7399879097938538,0.9670124053955078,0.8430576324462891,0.9831971526145935,146
0.2489450474580129,0.32723167538642883,0.8489661812782288,0.737851619720459,0.9666366577148438,0.8476719856262207,0.9820647239685059,147
0.24694845577081045,0.32994621992111206,0.8464625477790833,0.7339773178100586,0.9655246734619141,0.856512725353241,0.979804515838623,148
0.24682853122552237,0.3255781829357147,0.8510563373565674,0.7410522699356079,0.9670276641845703,0.8524231314659119,0.9817913770675659,149
0.24500200152397156,0.3238336741924286,0.8506438732147217,0.7404022216796875,0.9666824340820312,0.8580610752105713,0.9807428121566772,150
0.24365886052449545,0.3209794759750366,0.851406455039978,0.7414798140525818,0.9671115875244141,0.8503676652908325,0.9822969436645508,151
0.2429693192243576,0.3251084089279175,0.8477770090103149,0.7360062599182129,0.966339111328125,0.8459836840629578,0.981959342956543,152
0.2413362314303716,0.32615989446640015,0.8488079309463501,0.7375284433364868,0.9659156799316406,0.8628139495849609,0.9793847799301147,153
0.24202501773834229,0.32341158390045166,0.8509578704833984,0.7408624291419983,0.9668998718261719,0.8542493581771851,0.9814894199371338,154
0.23943125704924265,0.31927335262298584,0.85148686170578,0.7416404485702515,0.9668560028076172,0.8584741353988647,0.9809331297874451,155
0.2387448400259018,0.3209947645664215,0.8493339419364929,0.7383801341056824,0.9668331146240234,0.8444238305091858,0.9826916456222534,156
0.23702585697174072,0.3216269016265869,0.8510391116142273,0.7410213947296143,0.9663753509521484,0.8692154884338379,0.9789758920669556,157
0.23693438371022543,0.31603628396987915,0.8516514301300049,0.7418450713157654,0.9672889709472656,0.8470897674560547,0.9828625917434692,158
0.2352668990691503,0.31840455532073975,0.8485566973686218,0.7373728156089783,0.9659519195556641,0.8652594089508057,0.9789940714836121,159
0.23464229702949524,0.3180616796016693,0.8482654094696045,0.7367011308670044,0.9662685394287109,0.8500385880470276,0.9814279079437256,160
0.23386815190315247,0.3167697489261627,0.8496525287628174,0.7389309406280518,0.9663238525390625,0.8613049387931824,0.9799776673316956,161
0.23340440293153128,0.3171333074569702,0.8479217290878296,0.7361981868743896,0.9669837951660156,0.829922616481781,0.9847153425216675,162
0.2326107919216156,0.32051390409469604,0.8447231650352478,0.731398344039917,0.9650497436523438,0.8576016426086426,0.9791159629821777,163
0.2304395337899526,0.31512168049812317,0.8471866846084595,0.7349925637245178,0.9667148590087891,0.8290423154830933,0.9846429228782654,164
0.22944908837477365,0.3183167576789856,0.8470832109451294,0.7350733280181885,0.9654541015625,0.8662205934524536,0.978347897529602,165
0.2284309317668279,0.31124627590179443,0.8510177135467529,0.7409173250198364,0.9674530029296875,0.8393810987472534,0.9839893579483032,166
0.22744973500569662,0.316720187664032,0.8453297019004822,0.7323126792907715,0.965362548828125,0.8540307283401489,0.9799215793609619,167
0.2262467990318934,0.3149946630001068,0.8459970951080322,0.7332266569137573,0.9661045074462891,0.8374453186988831,0.9829024076461792,168
0.2253311723470688,0.3149850368499756,0.8485862612724304,0.7372677326202393,0.9662036895751953,0.8559035658836365,0.980546236038208,169
0.22476831078529358,0.3095219135284424,0.8518213629722595,0.742199182510376,0.9672946929931641,0.8504602313041687,0.9823694229125977,170
0.2238831619421641,0.3146483302116394,0.850235104560852,0.7398594617843628,0.9663677215576172,0.8650785684585571,0.9794756174087524,171
0.22222760816415152,0.3120911121368408,0.850919783115387,0.7407316565513611,0.9670772552490234,0.8475382924079895,0.98258376121521,172
0.22126506765683493,0.31047695875167847,0.8501595258712769,0.7396771907806396,0.9664669036865234,0.8605563640594482,0.9802082777023315,173
0.22081205248832703,0.3092208206653595,0.8489652872085571,0.7377232909202576,0.9669952392578125,0.8350561857223511,0.9841084480285645,174
0.21974519888559976,0.31079035997390747,0.8481800556182861,0.7366483211517334,0.9659862518310547,0.8584749102592468,0.9799655675888062,175
0.21927490830421448,0.30834269523620605,0.850875973701477,0.7406843304634094,0.9670143127441406,0.8492403030395508,0.9822402000427246,176
0.2177855372428894,0.30863314867019653,0.8490834832191467,0.7380088567733765,0.966217041015625,0.85854172706604,0.9801747798919678,177
0.21675096452236176,0.3049193322658539,0.8492850065231323,0.7382137775421143,0.9668521881103516,0.8409310579299927,0.9831662178039551,178
0.21587195992469788,0.3101428151130676,0.8487294316291809,0.7375162243843079,0.9658164978027344,0.8672220706939697,0.9785609245300293,179
0.21557379762331644,0.30589282512664795,0.8517381548881531,0.7419719696044922,0.9673271179199219,0.8464058041572571,0.9829482436180115,180
0.21522142986456552,0.3112751841545105,0.8462517857551575,0.7337640523910522,0.9651737213134766,0.8662233352661133,0.9780303239822388,181
0.21450863778591156,0.3069749176502228,0.8449872732162476,0.7316917777061462,0.9660682678222656,0.8309001922607422,0.9836465120315552,182
0.21355117360750833,0.307648241519928,0.8460183143615723,0.7334575057029724,0.9654331207275391,0.8592621088027954,0.9792141318321228,183
0.2125568985939026,0.3019522428512573,0.8478499054908752,0.7360019087791443,0.9665699005126953,0.8372678756713867,0.983401894569397,184
0.21248667438824972,0.30192187428474426,0.8502518534660339,0.7398058176040649,0.9667606353759766,0.8532717227935791,0.9814292192459106,185
0.21003137528896332,0.3014620542526245,0.8522406816482544,0.742890477180481,0.9669933319091797,0.8623473644256592,0.9804463386535645,186
0.21005862454573312,0.2998175024986267,0.8516387939453125,0.7418411374092102,0.9669570922851562,0.8559666275978088,0.9813309907913208,187
0.20913162330786386,0.3020930886268616,0.8490615487098694,0.7380536198616028,0.9663753509521484,0.8560549020767212,0.9805870056152344,188
0.2069726139307022,0.3017760217189789,0.845146119594574,0.732039749622345,0.9660873413085938,0.8345884084701538,0.9830799698829651,189
0.20620582004388174,0.30040931701660156,0.847872257232666,0.7361823320388794,0.9660511016845703,0.8546334505081177,0.9804985523223877,190
0.2067641019821167,0.2983325123786926,0.8495826721191406,0.7388627529144287,0.967010498046875,0.8437883853912354,0.9828469753265381,191
0.20575138926506042,0.305472195148468,0.8438808917999268,0.7301427721977234,0.9648876190185547,0.8560844659805298,0.9790953993797302,192
0.20507838328679404,0.29899826645851135,0.8438310623168945,0.7299128770828247,0.9662075042724609,0.8182843327522278,0.9854532480239868,193
0.20422197381655374,0.30193981528282166,0.8424410223960876,0.7279679775238037,0.9645900726318359,0.8532046675682068,0.9791082143783569,194
0.20413182179133096,0.2954193949699402,0.8410462141036987,0.7258672714233398,0.965545654296875,0.8205717206001282,0.9842754602432251,195
0.20443633695443472,0.2994011640548706,0.8415553569793701,0.7266440391540527,0.9645309448242188,0.8488807678222656,0.9796088337898254,196
0.2027303328116735,0.2951614558696747,0.8475451469421387,0.7355383634567261,0.9665775299072266,0.8350115418434143,0.9837216138839722,197
0.20184503495693207,0.2970876097679138,0.8415532112121582,0.7265186309814453,0.9654483795166016,0.8233156204223633,0.9840788841247559,198
0.20085527002811432,0.297110915184021,0.8419356346130371,0.7272627949714661,0.9647865295410156,0.8466153144836426,0.9801934957504272,199
0.19913561642169952,0.2954472303390503,0.8465361595153809,0.7341165542602539,0.9661273956298828,0.8425297737121582,0.9821734428405762,200
0.1990607480208079,0.29589760303497314,0.8461716771125793,0.7336184978485107,0.9658031463623047,0.8495507836341858,0.9809176921844482,201
0.1974004010359446,0.29337623715400696,0.8447408676147461,0.7313765287399292,0.9659633636474609,0.8337850570678711,0.9831573367118835,202
0.1957720418771108,0.29366976022720337,0.8426034450531006,0.7282022833824158,0.9649200439453125,0.8463097214698792,0.9804317951202393,203
0.19517981509367624,0.29003971815109253,0.8461255431175232,0.733422040939331,0.9663372039794922,0.8325518369674683,0.9837754964828491,204
0.19563365479310355,0.2946496307849884,0.8443951606750488,0.7309316396713257,0.9654293060302734,0.8466590642929077,0.980892539024353,205
0.19352871676286063,0.29300254583358765,0.8453193306922913,0.7323737144470215,0.9654750823974609,0.8528721332550049,0.980109691619873,206
0.19251428047815958,0.29189997911453247,0.8464446663856506,0.7339924573898315,0.9658412933349609,0.84941166639328,0.9809682965278625,207
0.1919830193122228,0.28879132866859436,0.8500407338142395,0.7393787503242493,0.9663887023925781,0.8584383726119995,0.9803786277770996,208
0.19106466074784598,0.2914900779724121,0.8460433483123779,0.7333396673202515,0.9655418395996094,0.852832555770874,0.9802275896072388,209
0.19043912490208945,0.2878238558769226,0.8444063663482666,0.7308608293533325,0.9658145904541016,0.8348084092140198,0.9828585386276245,210
0.18929984172185263,0.28703752160072327,0.8460901975631714,0.7334070205688477,0.9661636352539062,0.8376055955886841,0.9828593730926514,211
0.1884245773156484,0.2893806993961334,0.8457702398300171,0.7329182028770447,0.9656658172607422,0.8477160930633545,0.9810500741004944,212
0.18666516741116843,0.2865831255912781,0.8444397449493408,0.7309107780456543,0.9659786224365234,0.8309733867645264,0.9835219383239746,213
0.18627300361792246,0.28649064898490906,0.8449954986572266,0.7318115830421448,0.9655208587646484,0.847632884979248,0.9808212518692017,214
0.18453551828861237,0.285497784614563,0.8454182744026184,0.732367992401123,0.9657878875732422,0.8415560126304626,0.9819437265396118,215
0.18473158280054727,0.2863832116127014,0.8427685499191284,0.7283980250358582,0.9653072357177734,0.8363709449768066,0.9821227192878723,216
0.1834778686364492,0.2865220308303833,0.8415902853012085,0.7265958189964294,0.9652767181396484,0.8282170295715332,0.983177125453949,217
0.18232822914918265,0.29019850492477417,0.8421486616134644,0.7274690866470337,0.9646644592285156,0.8479715585708618,0.9799729585647583,218
0.1827606757481893,0.28611016273498535,0.8441338539123535,0.7304280996322632,0.9657840728759766,0.8331245183944702,0.983081579208374,219
0.18100818494955698,0.2901502549648285,0.8413287997245789,0.7262976169586182,0.964508056640625,0.847784161567688,0.9797415733337402,220
0.1805841624736786,0.2844856381416321,0.8416281342506409,0.7266650199890137,0.9651432037353516,0.8320921659469604,0.9825176000595093,221
0.18015932043393454,0.2867712080478668,0.8399580717086792,0.7241681814193726,0.9643421173095703,0.8406313061714172,0.9806301593780518,222
0.17942869663238525,0.2838199734687805,0.8418717980384827,0.7269606590270996,0.9654140472412109,0.8242660760879517,0.9839152097702026,223
0.17912876109282175,0.2862629294395447,0.8433973789215088,0.7293342351913452,0.9646816253662109,0.8555285930633545,0.979001522064209,224
0.1782722274462382,0.2794136106967926,0.8465609550476074,0.7340536117553711,0.9664878845214844,0.8307539820671082,0.9841710925102234,225
0.17743628223737082,0.28214240074157715,0.8451200127601624,0.7319844961166382,0.9651966094970703,0.8562651872634888,0.9794230461120605,226
0.1767359972000122,0.28035885095596313,0.841857373714447,0.7269778847694397,0.9652748107910156,0.829231858253479,0.9830474853515625,227
0.17585761348406473,0.28228890895843506,0.8396411538124084,0.7237021923065186,0.9645824432373047,0.8326320052146912,0.9817967414855957,228
0.17442695299784342,0.2790137231349945,0.846636176109314,0.7341964244842529,0.9660816192626953,0.8422394394874573,0.9821997880935669,229
0.17475218077500662,0.28053444623947144,0.8450090885162354,0.7316937446594238,0.9657688140869141,0.8371737003326416,0.9825367331504822,230
0.1748419851064682,0.2838420271873474,0.8383482098579407,0.7217693328857422,0.9641685485839844,0.8340445160865784,0.9812253713607788,231
0.1731498787800471,0.2826012372970581,0.8380801677703857,0.7213549613952637,0.9642696380615234,0.8293720483779907,0.9819575548171997,232
0.1727872441212336,0.27869346737861633,0.8438472747802734,0.7300333380699158,0.9653606414794922,0.8426886796951294,0.9813656806945801,233
0.1713278591632843,0.2792932689189911,0.842321515083313,0.7277924418449402,0.9652652740478516,0.8362091779708862,0.9820259809494019,234
0.17047678927580515,0.2780150771141052,0.8439266681671143,0.7301325798034668,0.9654254913330078,0.8409675359725952,0.981657087802887,235
0.1693798154592514,0.2749660611152649,0.8456764221191406,0.7327128648757935,0.9658603668212891,0.8401168584823608,0.9822829961776733,236
0.16879092653592428,0.27421432733535767,0.8474752902984619,0.7354903221130371,0.9662818908691406,0.8437883853912354,0.9822251796722412,237
0.16770032544930777,0.2741202116012573,0.8462181091308594,0.7335653305053711,0.9659671783447266,0.8425264358520508,0.9821033477783203,238
0.16698136925697327,0.2729104161262512,0.8449513912200928,0.731661856174469,0.9659614562988281,0.8343080878257751,0.9831234216690063,239
0.16708114743232727,0.2744450569152832,0.844873309135437,0.7315594553947449,0.9658412933349609,0.8371939659118652,0.9826040863990784,240
0.16523698965708414,0.2742050886154175,0.8433402180671692,0.7292539477348328,0.9652004241943359,0.8427243232727051,0.9812076091766357,241
0.16512352228164673,0.2720835506916046,0.8427319526672363,0.728329062461853,0.9656181335449219,0.8281618356704712,0.983525812625885,242
0.16391379634539285,0.2736976444721222,0.8428908586502075,0.728585958480835,0.9653472900390625,0.836478590965271,0.9821842908859253,243
0.16351396838823953,0.27133479714393616,0.8456870317459106,0.7328336238861084,0.9659023284912109,0.8424414396286011,0.9819555878639221,244
0.16248537103335062,0.27162569761276245,0.8423677682876587,0.7277584075927734,0.9653778076171875,0.8308327794075012,0.9829651117324829,245
0.16183031102021536,0.2711603045463562,0.8403770327568054,0.7248461842536926,0.9649753570556641,0.829789936542511,0.9826159477233887,246
0.16101531187693277,0.272786021232605,0.842186450958252,0.7275262475013733,0.9650192260742188,0.8397047519683838,0.9814234972000122,247
0.16110882659753165,0.26866596937179565,0.8458138108253479,0.7329959273338318,0.9660396575927734,0.8391350507736206,0.9825609922409058,248
0.15967251857121786,0.27023711800575256,0.8439997434616089,0.7302778959274292,0.9655532836914062,0.8395086526870728,0.9819937348365784,249
0.1598812093337377,0.2675308585166931,0.8451188802719116,0.731904149055481,0.9660911560058594,0.8318343758583069,0.9835730791091919,250
0.15843734641869864,0.26933056116104126,0.8442718982696533,0.7306954860687256,0.9651641845703125,0.8510955572128296,0.9800837635993958,251
0.15754357973734537,0.26676616072654724,0.8449087142944336,0.7315939664840698,0.9660320281982422,0.8321731686592102,0.9834768772125244,252
0.15709248185157776,0.266832172870636,0.8450679779052734,0.7318722009658813,0.9656238555908203,0.8445875644683838,0.9814494848251343,253
0.15623608231544495,0.26761847734451294,0.8439903855323792,0.7302062511444092,0.9657707214355469,0.832248866558075,0.9831718802452087,254
0.15593203405539194,0.2667606770992279,0.8452185392379761,0.7321391105651855,0.9656505584716797,0.8459081053733826,0.9812499284744263,255
0.15466181437174478,0.2619553208351135,0.8472064733505249,0.7350586652755737,0.9664020538330078,0.8382863998413086,0.9831043481826782,256
0.15442217389742532,0.2638270854949951,0.8455681204795837,0.7326184511184692,0.9658012390136719,0.8432000875473022,0.9817860126495361,257
0.15312549471855164,0.26461881399154663,0.8450710773468018,0.7318635582923889,0.9658164978027344,0.8392146229743958,0.9822882413864136,258
0.15284615755081177,0.26560917496681213,0.8451257944107056,0.7318985462188721,0.9657478332519531,0.8397517204284668,0.9821892380714417,259
0.1524027238289515,0.264273464679718,0.8464637994766235,0.7339632511138916,0.9658145904541016,0.8487110137939453,0.9810967445373535,260
0.15150185922781625,0.26321592926979065,0.842789888381958,0.7283923625946045,0.9656429290771484,0.8271644711494446,0.9837099313735962,261
0.1516647736231486,0.26858097314834595,0.8401265144348145,0.7244679927825928,0.9642047882080078,0.8461044430732727,0.97962486743927,262
0.15034625430901846,0.2620875835418701,0.8456393480300903,0.7326496243476868,0.9657344818115234,0.8426238298416138,0.9818159341812134,263
0.15040384232997894,0.2622324228286743,0.84197998046875,0.7271503210067749,0.9655132293701172,0.8237200975418091,0.9840027093887329,264
0.1493710627158483,0.27147790789604187,0.8321868181228638,0.7126781940460205,0.962890625,0.8256928324699402,0.9808894395828247,265
0.1483580470085144,0.264028400182724,0.8419053554534912,0.7270028591156006,0.9652442932128906,0.8276956677436829,0.9832371473312378,266
0.14809309442838034,0.2628576457500458,0.8447531461715698,0.7314447164535522,0.9652843475341797,0.8517719507217407,0.9800311326980591,267
0.14727518955866495,0.2617972493171692,0.8426157236099243,0.7281780242919922,0.9653587341308594,0.8341866731643677,0.982396125793457,268
0.1461180498202642,0.266912579536438,0.8375542163848877,0.7205907106399536,0.9637889862060547,0.8378918170928955,0.9803197383880615,269
0.14628936847050986,0.2607477307319641,0.8404216766357422,0.7248244285583496,0.9653396606445312,0.8179252743721008,0.9845354557037354,270
0.14561221500237784,0.2630605101585388,0.8423540592193604,0.7277606725692749,0.9647293090820312,0.8468647003173828,0.9801092147827148,271
0.14478014409542084,0.2557002604007721,0.8443106412887573,0.7305956482887268,0.9660301208496094,0.8236788511276245,0.9846252202987671,272
0.1440219283103943,0.2602863907814026,0.8424596786499023,0.7279084920883179,0.9647140502929688,0.8476642370223999,0.9800229072570801,273
0.14393075307210287,0.25718942284584045,0.8436616063117981,0.7296621799468994,0.9657821655273438,0.8275587558746338,0.9837688207626343,274
0.14362684388955435,0.26053386926651,0.8420113325119019,0.7272300720214844,0.9646930694580078,0.8449630737304688,0.9803546667098999,275
0.14275208115577698,0.2596280574798584,0.8410296440124512,0.7257846593856812,0.9651908874511719,0.827329158782959,0.9831059575080872,276
0.14209612707297006,0.25828564167022705,0.8430870771408081,0.7288548946380615,0.9652748107910156,0.8383679389953613,0.9818006753921509,277
0.1408632149298986,0.25614482164382935,0.8434531688690186,0.7293672561645508,0.9655132293701172,0.8335940837860107,0.9827041029930115,278
0.14020633200804392,0.25831469893455505,0.8380997180938721,0.7213977575302124,0.9643611907958984,0.8275725245475769,0.9821990728378296,279
0.14039486149946848,0.25794804096221924,0.8373914361000061,0.7202771902084351,0.9643974304199219,0.8185277581214905,0.9835705161094666,280
0.1391327828168869,0.25929248332977295,0.8350096940994263,0.7167753577232361,0.9640846252441406,0.812564492225647,0.9838956594467163,281
0.137963205575943,0.26282045245170593,0.8333818912506104,0.7143818140029907,0.9631843566894531,0.8238266110420227,0.9815372228622437,282
0.1376591275135676,0.2570251226425171,0.8393239974975586,0.7231578230857849,0.9650363922119141,0.8168120980262756,0.9844643473625183,283
0.1374562382698059,0.2607584297657013,0.8388563394546509,0.7225673198699951,0.9642429351806641,0.8369998931884766,0.9808944463729858,284
0.13738322257995605,0.255867063999176,0.8393930196762085,0.7233072519302368,0.9649105072021484,0.8223832249641418,0.9835013151168823,285
0.13632332781950632,0.25753071904182434,0.8375520706176758,0.7205764055252075,0.9640312194824219,0.8317116498947144,0.9813681840896606,286
0.13503753145535788,0.25567731261253357,0.8376544713973999,0.7207090854644775,0.9648017883300781,0.8135061860084534,0.9845473766326904,287
0.13539132475852966,0.2532799243927002,0.8403428792953491,0.7246987819671631,0.9647865295410156,0.8305769562721252,0.9824060201644897,288
0.13440398375193277,0.2504499852657318,0.84237140417099,0.727747917175293,0.9656906127929688,0.8224348425865173,0.9843398332595825,289
0.1331645001967748,0.25512513518333435,0.838076651096344,0.7213670611381531,0.9643154144287109,0.8287433981895447,0.9820196628570557,290
0.132637490828832,0.25121361017227173,0.8394889235496521,0.7234156727790833,0.9651336669921875,0.8162616491317749,0.9846075773239136,291
0.13179155687491098,0.25301551818847656,0.8422989845275879,0.7277437448501587,0.9650058746337891,0.8418092131614685,0.9810014963150024,292
0.13144700229167938,0.24869254231452942,0.8456737399101257,0.7326982617378235,0.9662437438964844,0.830005407333374,0.9839600920677185,293
0.1311048616965612,0.2487320750951767,0.8452651500701904,0.7320787906646729,0.9660358428955078,0.8324784636497498,0.9834703207015991,294
0.12990389267603555,0.2503432631492615,0.8393484354019165,0.7232110500335693,0.965087890625,0.8165498375892639,0.9844856262207031,295
0.1297085831562678,0.24887362122535706,0.8437826633453369,0.7298325896263123,0.9656581878662109,0.8310032486915588,0.9832414388656616,296
0.12903559704621634,0.2462589293718338,0.8455020189285278,0.7324454188346863,0.96612548828125,0.8320662975311279,0.9835717678070068,297
0.12922921031713486,0.24655479192733765,0.8426188230514526,0.7281000018119812,0.9656696319580078,0.8240149021148682,0.9841922521591187,298
0.12858941654364267,0.25049349665641785,0.8416575193405151,0.72667396068573,0.96539306640625,0.8249051570892334,0.9837373495101929,299
0.1278709669907888,0.2485942244529724,0.8425998687744141,0.7281516790390015,0.9653854370117188,0.8335168361663818,0.9825525879859924,300
0.12671499451001486,0.24347372353076935,0.8408778309822083,0.7254716157913208,0.9658222198486328,0.8077667951583862,0.9864516258239746,301
0.12642239530881247,0.24819520115852356,0.8447436094284058,0.7313637733459473,0.9655704498291016,0.8428858518600464,0.9815564751625061,302
0.1260428031285604,0.24456064403057098,0.8474805355072021,0.7354674339294434,0.9666423797607422,0.8335151672363281,0.98387610912323,303
0.12490258365869522,0.2453761100769043,0.8471545577049255,0.7349754571914673,0.9661102294921875,0.8448997735977173,0.9818928837776184,304
0.12452134241660436,0.2447359561920166,0.8450820446014404,0.7317923307418823,0.9659519195556641,0.8327795267105103,0.9833346605300903,305
0.12388723343610764,0.24588125944137573,0.8433859944343567,0.7292727828025818,0.9655094146728516,0.8336799144744873,0.9827213287353516,306
0.1241152286529541,0.24522720277309418,0.8426367044448853,0.728121817111969,0.9657802581787109,0.8208442330360413,0.984646201133728,307
0.12286236385504405,0.2477322518825531,0.8408408164978027,0.725467324256897,0.9647560119628906,0.8355101943016052,0.9816880226135254,308
0.12206184615691502,0.245619535446167,0.8408536911010742,0.7254492044448853,0.96539306640625,0.8184691667556763,0.9845620393753052,309
0.12163498500982921,0.2464751899242401,0.8419724106788635,0.7271727323532104,0.9649009704589844,0.839685320854187,0.9812439680099487,310
0.12102595965067546,0.24404215812683105,0.8431030511856079,0.7288432121276855,0.9654045104980469,0.8338887691497803,0.9825265407562256,311
0.12073465933402379,0.24320639669895172,0.8433847427368164,0.7292529940605164,0.9653816223144531,0.836020827293396,0.9822976589202881,312
0.12087159355481465,0.24320678412914276,0.8403456211090088,0.7247371673583984,0.9651470184326172,0.8231251239776611,0.9836333394050598,313
0.11969411124785741,0.24735164642333984,0.8393890857696533,0.7233246564865112,0.9645061492919922,0.8328324556350708,0.9817086458206177,314
0.11846657594045003,0.24087980389595032,0.8413703441619873,0.7262572646141052,0.9654560089111328,0.8218187689781189,0.9841323494911194,315
0.11844342947006226,0.24172505736351013,0.8444325923919678,0.7308564186096191,0.9655437469482422,0.8400604724884033,0.9819008111953735,316
0.11818691343069077,0.24172154068946838,0.841799795627594,0.7268601655960083,0.9655971527099609,0.8195691704750061,0.9846583604812622,317
0.11805721372365952,0.2457006424665451,0.8386383056640625,0.7221957445144653,0.9642219543457031,0.8342305421829224,0.9812178015708923,318
0.11739137768745422,0.24360348284244537,0.8398663997650146,0.724018931388855,0.9650135040283203,0.8230550289154053,0.9834888577461243,319
0.11714779585599899,0.2429763823747635,0.8416644334793091,0.7267359495162964,0.9648532867431641,0.8397573232650757,0.9811831116676331,320
0.11746715257565181,0.23870515823364258,0.8432106375694275,0.7289540767669678,0.9658603668212891,0.8212286829948425,0.9847486615180969,321
0.11609138796726863,0.24049149453639984,0.8406580090522766,0.7251737117767334,0.9650287628173828,0.8267757892608643,0.9830906391143799,322
0.11514815191427867,0.2391844540834427,0.8417033553123474,0.7268900871276855,0.9651279449462891,0.836102306842804,0.9818750619888306,323
0.11457183460394542,0.2397751361131668,0.8455880880355835,0.7326686978340149,0.9658222198486328,0.8429811000823975,0.9817088842391968,324
0.11480029920736949,0.23729825019836426,0.8458273410797119,0.7329961061477661,0.9663372039794922,0.8308428525924683,0.9838529229164124,325
0.11396952718496323,0.24273821711540222,0.838622510433197,0.7221710681915283,0.9643917083740234,0.8302464485168457,0.9819447994232178,326
0.112930362423261,0.24065396189689636,0.8369718194007874,0.7196580171585083,0.9647140502929688,0.8087513446807861,0.9851391315460205,327
0.11333125829696655,0.2394397258758545,0.8406604528427124,0.7253280878067017,0.9648628234863281,0.8355543613433838,0.9816270470619202,328
0.1126714472969373,0.24176669120788574,0.8382894992828369,0.7217304110527039,0.9645919799804688,0.8250589966773987,0.982711911201477,329
0.11162343869606654,0.2390304058790207,0.8391987085342407,0.7230774164199829,0.9650230407714844,0.820298433303833,0.9837582111358643,330
0.1113957092165947,0.23675306141376495,0.8438553214073181,0.7300152778625488,0.9655399322509766,0.8372112512588501,0.982230544090271,331
0.11108643313248952,0.2391517460346222,0.8407968282699585,0.7254291772842407,0.9647789001464844,0.8355404138565063,0.9816451072692871,332
0.11082395166158676,0.23829463124275208,0.8396989107131958,0.7238270044326782,0.964874267578125,0.8272291421890259,0.9827362298965454,333
0.11055364956458409,0.23555195331573486,0.845503568649292,0.7324583530426025,0.9658412933349609,0.8394821882247925,0.9822997450828552,334
0.11142353961865108,0.24001604318618774,0.8367331027984619,0.71933913230896,0.9644870758056641,0.814687967300415,0.9840139150619507,335
0.10932651410500209,0.24081756174564362,0.8329291343688965,0.7136920094490051,0.9638156890869141,0.8036081194877625,0.9848910570144653,336
0.108453835050265,0.23578280210494995,0.8416666984558105,0.7266697287559509,0.9652938842773438,0.8263121247291565,0.9834311604499817,337
0.10789302984873454,0.2320096492767334,0.8446953296661377,0.7312557101249695,0.9660968780517578,0.8280297517776489,0.98395836353302,338
0.10778309653202693,0.23429980874061584,0.8448979258537292,0.7315932512283325,0.9655437469482422,0.8441932201385498,0.9812864065170288,339
0.10788839062054952,0.23537558317184448,0.8436249494552612,0.7297093272209167,0.9656982421875,0.8327885866165161,0.982864499092102,340
0.10692577809095383,0.23394596576690674,0.842966616153717,0.7286515235900879,0.9654922485351562,0.8312422633171082,0.9829162359237671,341
0.10671510050694148,0.23338215053081512,0.8416499495506287,0.7266921401023865,0.9654178619384766,0.824938178062439,0.9836220145225525,342
0.1065498615304629,0.23202674090862274,0.8461365699768066,0.7334458827972412,0.9660320281982422,0.8400529623031616,0.9823793768882751,343
0.10524032513300578,0.23101933300495148,0.8458049297332764,0.7329961061477661,0.9659252166748047,0.8421717882156372,0.9820027351379395,344
0.10557982077201207,0.22789397835731506,0.8472709655761719,0.7351044416427612,0.9665470123291016,0.8330434560775757,0.9839211106300354,345
0.10457539310057958,0.23065994679927826,0.8426505327224731,0.7281770706176758,0.9656600952148438,0.8252425193786621,0.983900249004364,346
0.10447901238997777,0.2319146990776062,0.842239260673523,0.7276559472084045,0.9653511047363281,0.832922101020813,0.9824581742286682,347
0.10363991806904475,0.228962242603302,0.8447380065917969,0.7313432693481445,0.9660606384277344,0.8299294710159302,0.9836366176605225,348
0.10294430702924728,0.22887328267097473,0.8460465669631958,0.7332732081413269,0.9661941528320312,0.8339475393295288,0.9833271503448486,349
0.10190524657567342,0.2295977622270584,0.8458374738693237,0.7329540252685547,0.9660205841064453,0.8368431329727173,0.98280268907547,350
0.10183267792065938,0.23006944358348846,0.8441466093063354,0.7304418087005615,0.9656944274902344,0.8346124887466431,0.9826523065567017,351
0.10093471159537633,0.2301584631204605,0.8445121645927429,0.7310242652893066,0.9656505584716797,0.8392347693443298,0.981997013092041,352
0.10038945078849792,0.2304595559835434,0.8443198800086975,0.7306615114212036,0.9658260345458984,0.8311257362365723,0.9833146333694458,353
0.10030791163444519,0.2284179925918579,0.8436474800109863,0.7297239303588867,0.9657115936279297,0.8320423364639282,0.9829926490783691,354
0.09996410707632701,0.22850096225738525,0.843951940536499,0.7301633954048157,0.9658622741699219,0.8299050331115723,0.9834739565849304,355
0.0988331288099289,0.22797121107578278,0.8454446792602539,0.732374370098114,0.9659233093261719,0.8371176719665527,0.9826585650444031,356
0.09895065675179164,0.22592437267303467,0.8455427885055542,0.7325406074523926,0.9662208557128906,0.831021249294281,0.9837354421615601,357
0.09814461568991344,0.22997760772705078,0.8431538343429565,0.7289947271347046,0.9654159545898438,0.8365000486373901,0.9821251630783081,358
0.09751278907060623,0.2291560173034668,0.8437981009483337,0.7299023866653442,0.9658432006835938,0.828138530254364,0.9836630821228027,359
0.09735610832770665,0.22914673388004303,0.8440173864364624,0.7303152084350586,0.965545654296875,0.8395683169364929,0.9818173050880432,360
0.09700312465429306,0.22618837654590607,0.8451446890830994,0.7319347262382507,0.9661617279052734,0.8294802904129028,0.983837366104126,361
0.09622406959533691,0.22723554074764252,0.8446335792541504,0.7311826944351196,0.9657497406005859,0.8369714021682739,0.9824507236480713,362
0.09592603892087936,0.22648324072360992,0.8427202701568604,0.7282941341400146,0.9658451080322266,0.8214999437332153,0.9845253229141235,363
0.09549173216025035,0.23161903023719788,0.8411587476730347,0.7259833216667175,0.9647960662841797,0.837569534778595,0.9813061952590942,364
0.0954609289765358,0.22816282510757446,0.8423700332641602,0.7277787923812866,0.9654941558837891,0.8280295133590698,0.9832940101623535,365
0.09442567825317383,0.22951428592205048,0.8410165905952454,0.7257575392723083,0.9648971557617188,0.8338438272476196,0.9819219708442688,366
0.0945608268181483,0.22652921080589294,0.843437135219574,0.7293795347213745,0.9656028747558594,0.8325573801994324,0.9828752279281616,367
0.09408503274122874,0.22737953066825867,0.8418504595756531,0.7270094156265259,0.9650154113769531,0.8366197347640991,0.9816967248916626,368
0.09426054358482361,0.22731752693653107,0.8406959772109985,0.7252316474914551,0.9653759002685547,0.8183738589286804,0.9844520092010498,369
0.09347714235385259,0.22868338227272034,0.8396228551864624,0.7237246036529541,0.96453857421875,0.8349075317382812,0.9813480377197266,370
0.09322564055522282,0.22608360648155212,0.8404273986816406,0.72489333152771,0.965301513671875,0.8209676742553711,0.9839967489242554,371
0.09233773499727249,0.22677774727344513,0.840868353843689,0.7254983186721802,0.9650974273681641,0.8267141580581665,0.983108401298523,372
0.09228716790676117,0.22426171600818634,0.8420911431312561,0.7273363471031189,0.9657306671142578,0.8197317719459534,0.9846649169921875,373
0.09188707421223323,0.22659896314144135,0.8408588767051697,0.7255251407623291,0.9649810791015625,0.8309845924377441,0.9823877811431885,374
0.09221006681521733,0.22452305257320404,0.8415766954421997,0.7265586256980896,0.9653835296630859,0.8244253993034363,0.9836928844451904,375
0.09153335789839427,0.22722265124320984,0.8382938504219055,0.7216659188270569,0.9647560119628906,0.8186618089675903,0.9837824106216431,376
0.09167188157637914,0.22683194279670715,0.8354240655899048,0.7173934578895569,0.9642887115478516,0.8107547760009766,0.9843242168426514,377
0.09077262630065282,0.22523313760757446,0.8359001278877258,0.7180953025817871,0.9647197723388672,0.8036563396453857,0.9857043623924255,378
0.09039489179849625,0.23023761808872223,0.8345520496368408,0.7161405086517334,0.96380615234375,0.8180965185165405,0.9827892780303955,379
0.09012380987405777,0.22544801235198975,0.8366420865058899,0.719214916229248,0.964935302734375,0.8041497468948364,0.9858061075210571,380
0.08984643469254176,0.22792500257492065,0.8356986045837402,0.7178932428359985,0.9639530181884766,0.8237282037734985,0.9821326732635498,381
0.08892028033733368,0.22412410378456116,0.8366526365280151,0.7192076444625854,0.9647541046142578,0.8073118925094604,0.9852644205093384,382
0.08841769397258759,0.2253836840391159,0.8375832438468933,0.7206130027770996,0.964569091796875,0.8187137842178345,0.9835742712020874,383
0.08811890333890915,0.22716808319091797,0.8396357297897339,0.7237663269042969,0.9644966125488281,0.8367629647254944,0.9810811281204224,384
0.08724500487248103,0.2253669798374176,0.8397605419158936,0.7239675521850586,0.9647884368896484,0.8308883905410767,0.9820936918258667,385
0.08676804850498836,0.22302374243736267,0.8420922756195068,0.7274450063705444,0.9650783538818359,0.8387918472290039,0.981399416923523,386
0.08654919515053432,0.22008097171783447,0.8444536924362183,0.7309714555740356,0.9659652709960938,0.8321423530578613,0.9832208156585693,387
0.08586252977450688,0.2192748337984085,0.8452843427658081,0.7322351336479187,0.9659595489501953,0.8381118178367615,0.9824332594871521,388
0.08557940771182378,0.2188725471496582,0.8442383408546448,0.730677604675293,0.9658336639404297,0.8347009420394897,0.9827091693878174,389
0.08536814898252487,0.22138625383377075,0.8416262865066528,0.7266937494277954,0.9653720855712891,0.8271587491035461,0.9832573533058167,390
0.08457708607117335,0.22099602222442627,0.8418843150138855,0.7270746231079102,0.9652137756347656,0.8324744701385498,0.9824116230010986,391
0.08433513343334198,0.21911226212978363,0.8440124988555908,0.730239987373352,0.9657382965087891,0.8325319290161133,0.9829395413398743,392
0.08477819462617238,0.21991397440433502,0.842767596244812,0.7283415794372559,0.9655361175537109,0.8282017707824707,0.9833179116249084,393
0.08417911330858867,0.21934020519256592,0.8429961204528809,0.7287321090698242,0.9657115936279297,0.8273133039474487,0.9836030006408691,394
0.08314174662033717,0.21869364380836487,0.8430783748626709,0.7288256883621216,0.9657573699951172,0.8258780837059021,0.9839057922363281,395
0.08266683916250865,0.21856050193309784,0.8441556096076965,0.7304766178131104,0.9658184051513672,0.832445502281189,0.9830697774887085,396
0.08278215676546097,0.2207958847284317,0.8439156413078308,0.7301466464996338,0.9656486511230469,0.8358383178710938,0.9823949933052063,397
0.08236737300952275,0.22143228352069855,0.843056321144104,0.7288221120834351,0.9655170440673828,0.832497239112854,0.9827472567558289,398
0.08160985012849171,0.2180243730545044,0.8409323692321777,0.7256279587745667,0.9654579162597656,0.8197047710418701,0.98432856798172,399
